./assemblies/BulletSharp.dll;2016-11-30T19:10:33.0442432000+0100;
./assemblies/OpenGL.dll;2016-11-30T19:21:05.4076214000+0100;
./assemblies/SDL2-CS.dll;2016-11-30T19:12:17.1819057000+0100;
./BoxesAndPlatforms/App.config;2016-02-08T15:15:30.9885478000+0100;
./BoxesAndPlatforms/AssetLoader.cs;2016-06-13T20:09:27.9078856000+0200;
./BoxesAndPlatforms/BoxesAndPlatforms.csproj;2016-11-30T19:24:09.5416355000+0100;
./BoxesAndPlatforms/BoxesAndPlatforms.csproj.user;2016-11-30T19:17:38.7206948000+0100;
./BoxesAndPlatforms/Entity/Entity.cs;2016-06-16T15:49:14.8778730000+0200;
./BoxesAndPlatforms/Entity/EntityBig.cs;2016-11-30T18:46:03.6901104000+0100;
./BoxesAndPlatforms/Entity/EntityBox.cs;2016-06-16T15:43:34.7943048000+0200;
./BoxesAndPlatforms/Entity/EntityCactus.cs;2016-06-16T15:44:05.2429586000+0200;
./BoxesAndPlatforms/Entity/EntityDiamond.cs;2016-11-30T18:44:44.1776253000+0100;
./BoxesAndPlatforms/Entity/EntityEnd.cs;2016-11-30T18:48:47.3447049000+0100;
./BoxesAndPlatforms/Entity/EntityFalling.cs;2016-11-30T18:46:41.9515778000+0100;
./BoxesAndPlatforms/Entity/EntityFallingPlatform.cs;2016-06-16T20:09:40.6104863000+0200;
./BoxesAndPlatforms/Entity/EntityMovingSpikes.cs;2016-11-30T18:47:00.6976243000+0100;
./BoxesAndPlatforms/Entity/EntityPlayer.cs;2016-11-30T18:49:30.3281360000+0100;
./BoxesAndPlatforms/Entity/EntitySmall.cs;2016-11-30T18:49:06.0977512000+0100;
./BoxesAndPlatforms/Entity/EntitySpikes.cs;2016-06-13T18:01:13.0820474000+0200;
./BoxesAndPlatforms/Entity/EntitySwitch.cs;2016-06-15T11:09:20.2852913000+0200;
./BoxesAndPlatforms/Entity/EntityTree.cs;2016-06-16T15:44:03.0020488000+0200;
./BoxesAndPlatforms/GameManager.cs;2016-06-16T12:36:26.1431131000+0200;
./BoxesAndPlatforms/Graphics/Atlas.cs;2016-06-15T11:20:01.1013794000+0200;
./BoxesAndPlatforms/Graphics/Batch.cs;2016-11-30T18:50:18.4236230000+0100;
./BoxesAndPlatforms/Graphics/Color.cs;2016-06-15T11:28:27.5082305000+0200;
./BoxesAndPlatforms/Graphics/CubeMap.cs;2016-06-15T11:32:13.9463462000+0200;
./BoxesAndPlatforms/Graphics/Graphics.cs;2017-11-24T12:29:09.5907031000+0100;
./BoxesAndPlatforms/Graphics/GUI.cs;2016-11-30T18:45:26.8700369000+0100;
./BoxesAndPlatforms/Graphics/Matrix.cs;2016-11-30T18:41:58.8242724000+0100;
./BoxesAndPlatforms/Graphics/Mesh.cs;2016-06-16T11:59:03.9524163000+0200;
./BoxesAndPlatforms/Graphics/Scene.cs;2017-12-02T10:54:36.4152252000+0100;
./BoxesAndPlatforms/Graphics/Shader.cs;2016-11-30T18:42:57.4396134000+0100;
./BoxesAndPlatforms/Graphics/SkyBox.cs;2016-06-16T12:01:28.4083453000+0200;
./BoxesAndPlatforms/Graphics/VertexBuffer.cs;2016-06-16T12:03:31.1909557000+0200;
./BoxesAndPlatforms/Physics.cs;2016-11-30T20:15:10.0598426000+0100;
./BoxesAndPlatforms/Program.cs;2016-12-01T20:45:47.1610493000+0100;
./BoxesAndPlatforms/Properties/AssemblyInfo.cs;2016-04-13T22:13:33.8202117000+0200;
./BoxesAndPlatforms/Properties/Resources.Designer.cs;2016-04-13T22:13:33.8232143000+0200;
./BoxesAndPlatforms/Properties/Resources.resx;2016-02-08T15:15:30.9865463000+0100;
./BoxesAndPlatforms/Properties/Settings.Designer.cs;2016-04-13T22:13:33.8282314000+0200;
./BoxesAndPlatforms/Properties/Settings.settings;2016-02-08T15:15:30.9875471000+0100;
./BoxesAndPlatforms/RoomManager.cs;2016-06-13T16:41:00.0105304000+0200;
./BoxesAndPlatforms/Rooms/RoomGame.cs;2016-06-16T12:07:26.8013846000+0200;
./BoxesAndPlatforms/Rooms/RoomMenu.cs;2016-11-30T18:53:21.1862048000+0100;
./BoxesAndPlatforms/Settings.cs;2016-06-16T12:44:30.1707421000+0200;
./BoxesAndPlatforms/Utils/AABB.cs;2016-11-30T18:43:33.7046657000+0100;
./BoxesAndPlatforms/Utils/Ease.cs;2016-06-16T12:16:57.4446592000+0200;
./BoxesAndPlatforms/Utils/Log.cs;2016-06-16T12:17:16.7803448000+0200;
./BoxesAndPlatforms/Utils/MathF.cs;2016-06-16T12:18:06.0959714000+0200;
./BoxesAndPlatforms/Utils/Utils.cs;2016-11-30T18:53:30.8047592000+0100;
./BoxesAndPlatforms/Window/SDL2Helper.cs;2016-06-16T12:22:35.2004501000+0200;
./BoxesAndPlatforms/Window/Window.cs;2016-06-16T12:34:24.3435801000+0200;
./BoxesAndPlatforms/World.cs;2016-06-16T19:45:52.6039287000+0200;
./BoxesAndPlatforms/WorldLayout.cs;2016-06-16T13:34:19.6300139000+0200;
./BoxesAndPlatforms.sln;2016-04-13T22:13:33.8612404000+0200;
./data/assets.xml;2016-03-27T11:07:59.3644540000+0200;
./data/entity/big/big.shd;2016-06-10T11:36:10.5439059000+0200;
./data/entity/box/box.modb;2016-05-21T14:10:19.2501212000+0200;
./data/entity/cactus/cactus.modb;2016-06-02T11:51:42.6348832000+0200;
./data/entity/diamond/diamond.modb;2016-05-23T13:47:09.6101668000+0200;
./data/entity/diamond/diamond.shd;2016-05-23T13:46:00.5171608000+0200;
./data/entity/end/drop.modb;2016-05-21T20:17:31.2462438000+0200;
./data/entity/end/end.modb;2016-05-21T20:04:25.1044067000+0200;
./data/entity/falling/falling.dds;2016-05-27T09:46:06.0259439000+0200;
./data/entity/falling/falling.modb;2016-05-27T09:44:33.8160579000+0200;
./data/entity/fallingplatform/fallingplatform.modb;2016-05-21T17:45:25.5540157000+0200;
./data/entity/player/arm.modb;2016-05-21T17:20:36.6600447000+0200;
./data/entity/player/leg.modb;2016-05-21T13:54:55.2253316000+0200;
./data/entity/player/player.dds;2016-05-21T16:15:34.7070581000+0200;
./data/entity/player/player.modb;2016-05-21T14:48:27.6935978000+0200;
./data/entity/shared/colored.shd;2016-05-26T19:07:06.8749149000+0200;
./data/entity/shared/platform.modb;2016-05-21T17:45:25.5540157000+0200;
./data/entity/shared/spikes.modb;2016-05-21T18:08:59.8063339000+0200;
./data/entity/shared/textured.shd;2016-05-26T19:07:20.6266854000+0200;
./data/entity/switch/base.modb;2016-06-01T22:02:22.6438946000+0200;
./data/entity/switch/switch.modb;2016-06-01T22:03:01.1851021000+0200;
./data/entity/tree/tree.modb;2016-05-21T13:56:48.1956677000+0200;
./data/levels/level1.xml;2016-12-01T20:35:24.3988795000+0100;
./data/levels/level1.xml.bak;2016-06-16T15:41:30.8598803000+0200;
./data/levels/level2.xml;2016-12-01T20:40:48.3847338000+0100;
./data/levels/level3.xml;2017-11-24T12:24:50.8119543000+0100;
./data/levels/levels.xml;2016-12-01T20:43:56.4220778000+0100;
./data/menu/menu.png;2016-06-03T09:13:31.3169549000+0200;
./data/menu/menu.shd;2016-04-23T11:31:05.2178213000+0200;
./data/menu/menu.xml;2016-06-03T09:14:44.5864894000+0200;
./data/SDL2.dll;2016-02-08T15:20:47.4916588000+0100;
./data/settings.xml;2016-11-30T18:54:16.5673405000+0100;
./data/sky/sky.dds;2016-05-21T10:57:23.2740587000+0200;
./data/sky/sky.dds.bak;2016-05-16T12:48:52.4219138000+0200;
./data/sky/sky.shd;2016-05-16T13:26:54.7397742000+0200;
